Sr. No,Product Name,Price(Rs),Link,Website
1,"ASUS ZenBook Pro Duo UX581 Intel Core i9 9th Gen 15.6"" 4K UHD OLED Touchscreen Laptop (32GB RAM/1TB NVMe SSD/Windows 10/6GB GDDR6 Graphics Card/ScreenPad Plus/Celestial Blue/2.50 Kg), UX581GV-H9201T","2,69,139",https://www.amazon.in/result.find/ASUS-Touchscreen-ScreenPad-Celestial-UX581GV-H9201T/dp/B07YSTDMNB/ref=sr_1_32?dchild=1&keywords=macbook+pro&qid=1626531350&sr=8-32,Amazon.in
2,"ASUS ZenBook Pro Duo UX581 Intel Core i9 9th Gen 15.6"" 4K UHD OLED Touchscreen Laptop (32GB RAM/1TB NVMe SSD/Windows 10/6GB GDDR6 Graphics Card/ScreenPad Plus/Celestial Blue/2.50 Kg), UX581GV-H9201T","2,69,139",https://www.amazon.in/result.find/ASUS-Touchscreen-ScreenPad-Celestial-UX581GV-H9201T/dp/B07YSTDMNB/ref=sr_1_32?dchild=1&keywords=macbook+pro&qid=1626531366&sr=8-32,Amazon.in
3,"ASUS ZenBook Pro Duo Intel Core i7-10750H 10th Gen 15.6"" 4K UHD OLED Touchscreen Laptop (32GB RAM/1TB NVMe SSD/Windows 10/6GB NVIDIA GeForce RTX 2060 Graphics/Celestial Blue/2.5 Kg), UX581LV-H2034T","2,24,494",https://www.amazon.in/result.find/ASUS-i7-10750H-Touchscreen-Celestial-UX581LV-H2034T/dp/B08CHGCBY9/ref=sr_1_8?dchild=1&keywords=macbook+pro&qid=1626531344&sr=8-8,Amazon.in
4,"ASUS ZenBook Pro Duo Intel Core i7-10750H 10th Gen 15.6"" 4K UHD OLED Touchscreen Laptop (32GB RAM/1TB NVMe SSD/Windows 10/6GB NVIDIA GeForce RTX 2060 Graphics/Celestial Blue/2.5 Kg), UX581LV-H2034T","2,24,494",https://www.amazon.in/result.find/ASUS-i7-10750H-Touchscreen-Celestial-UX581LV-H2034T/dp/B08CHGCBY9/ref=sr_1_8?dchild=1&keywords=macbook+pro&qid=1626531364&sr=8-8,Amazon.in
5,"2019 Apple MacBook Pro (16-inch/40.65 cm, 16GB RAM, 1TB Storage, 2.3GHz 9th Gen Intel Core i9) - Silver","2,22,810",https://www.amazon.in/result.find/Apple-MacBook-16-inch-Storage-2-3GHz/dp/B081JX8QP9/ref=sr_1_6?dchild=1&keywords=macbook+pro&qid=1626531344&sr=8-6,Amazon.in
6,"2019 Apple MacBook Pro (16-inch/40.65 cm, 16GB RAM, 1TB Storage, 2.3GHz 9th Gen Intel Core i9) - Silver","2,22,810",https://www.amazon.in/result.find/Apple-MacBook-16-inch-Storage-2-3GHz/dp/B081JX8QP9/ref=sr_1_6?dchild=1&keywords=macbook+pro&qid=1626531364&sr=8-6,Amazon.in
7,APPLE MacBook Pro Core i9 9th Gen - (16 GB/1 TB SSD/Mac OS Catalina/4 GB Graphics) MVVK2HN/A,"2,22,810",https://www.flipkart.com//apple-macbook-pro-core-i9-9th-gen-16-gb-1-tb-ssd-mac-os-catalina-4-gb-graphics-mvvk2hn-a/p/itm1fc58c7ecac1c?pid=COMFMGKPK82CHJZ4&lid=LSTCOMFMGKPK82CHJZ4CR92AA&marketplace=FLIPKART&q=macbook+pro&store=6bo%2Fb5g&srno=s_1_3&otracker=search&otracker1=search&fm=organic&iid=25857631-2381-48be-b666-9e69f87a5af7.COMFMGKPK82CHJZ4.SEARCH&ppt=None&ppn=None&ssid=gotbv4nbgg0000001626531372073&qH=9cf36a97583bd48f,Flipkart
8,APPLE MacBook Pro Core i9 9th Gen - (16 GB/1 TB SSD/Mac OS Catalina/4 GB Graphics) MVVM2HN/A,"2,22,810",https://www.flipkart.com//apple-macbook-pro-core-i9-9th-gen-16-gb-1-tb-ssd-mac-os-catalina-4-gb-graphics-mvvm2hn-a/p/itm129246fc30943?pid=COMFMGKPGRGGSH3R&lid=LSTCOMFMGKPGRGGSH3RXZPQZ0&marketplace=FLIPKART&q=macbook+pro&store=6bo%2Fb5g&srno=s_1_6&otracker=search&otracker1=search&fm=organic&iid=25857631-2381-48be-b666-9e69f87a5af7.COMFMGKPGRGGSH3R.SEARCH&ppt=None&ppn=None&ssid=gotbv4nbgg0000001626531372073&qH=9cf36a97583bd48f,Flipkart
9,"2019 Apple MacBook Pro (16-inch/40.65 cm, 16GB RAM, 512GB Storage, 2.6GHz 9th Gen Intel Core i7) - Space Grey","1,85,659",https://www.amazon.in/result.find/Apple-MacBook-16-inch-Storage-Intel-Core-i7/dp/B081JWZQJB/ref=sr_1_5?dchild=1&keywords=macbook+pro&qid=1626531344&sr=8-5,Amazon.in
10,"2019 Apple MacBook Pro (16-inch/40.65 cm, 16GB RAM, 512GB Storage, 2.6GHz 9th Gen Intel Core i7) - Space Grey","1,85,659",https://www.amazon.in/result.find/Apple-MacBook-16-inch-Storage-Intel-Core-i7/dp/B081JWZQJB/ref=sr_1_5?dchild=1&keywords=macbook+pro&qid=1626531364&sr=8-5,Amazon.in
11,APPLE MacBook Pro Core i7 9th Gen - (16 GB/512 GB SSD/Mac OS Catalina/4 GB Graphics) MVVJ2HN/A,"1,85,659",https://www.flipkart.com//apple-macbook-pro-core-i7-9th-gen-16-gb-512-gb-ssd-mac-os-catalina-4-graphics-mvvj2hn-a/p/itm0a25cefe31533?pid=COMFMGKP2V2BMZQY&lid=LSTCOMFMGKP2V2BMZQYZQ528X&marketplace=FLIPKART&q=macbook+pro&store=6bo%2Fb5g&srno=s_1_4&otracker=search&otracker1=search&fm=organic&iid=25857631-2381-48be-b666-9e69f87a5af7.COMFMGKP2V2BMZQY.SEARCH&ppt=None&ppn=None&ssid=gotbv4nbgg0000001626531372073&qH=9cf36a97583bd48f,Flipkart
12,APPLE MacBook Pro Core i7 9th Gen - (16 GB/512 GB SSD/Mac OS Catalina/4 GB Graphics) MVVL2HN/A,"1,85,659",https://www.flipkart.com//apple-macbook-pro-core-i7-9th-gen-16-gb-512-gb-ssd-mac-os-catalina-4-graphics-mvvl2hn-a/p/itm13937d8b1b0dc?pid=COMFMGKPYZZUDNME&lid=LSTCOMFMGKPYZZUDNMEWIVF3Z&marketplace=FLIPKART&q=macbook+pro&store=6bo%2Fb5g&spotlightTagId=BestvalueId_6bo%2Fb5g&srno=s_1_5&otracker=search&otracker1=search&fm=organic&iid=25857631-2381-48be-b666-9e69f87a5af7.COMFMGKPYZZUDNME.SEARCH&ppt=None&ppn=None&ssid=gotbv4nbgg0000001626531372073&qH=9cf36a97583bd48f,Flipkart
13,APPLE MacBook Pro with Touch Bar Core i5 10th Gen - (16 GB/1 TB SSD/Mac OS Catalina) MWP82HN/A,"1,84,990",https://www.flipkart.com//apple-macbook-pro-touch-bar-core-i5-10th-gen-16-gb-1-tb-ssd-mac-os-catalina-mwp82hn-a/p/itmbcb1d64fe60c6?pid=COMFRZ3NESZHBG9Z&lid=LSTCOMFRZ3NESZHBG9ZV56B85&marketplace=FLIPKART&q=macbook+pro&store=6bo%2Fb5g&srno=s_1_15&otracker=search&otracker1=search&fm=organic&iid=25857631-2381-48be-b666-9e69f87a5af7.COMFRZ3NESZHBG9Z.SEARCH&ppt=None&ppn=None&ssid=gotbv4nbgg0000001626531372073&qH=9cf36a97583bd48f,Flipkart
14,APPLE MacBook Pro with Touch Bar Core i5 10th Gen - (16 GB/1 TB SSD/Mac OS Catalina) MWP52HN/A,"1,84,978",https://www.flipkart.com//apple-macbook-pro-touch-bar-core-i5-10th-gen-16-gb-1-tb-ssd-mac-os-catalina-mwp52hn-a/p/itmc348a3a8c2c1d?pid=COMFRZ3NZ6EAWHJE&lid=LSTCOMFRZ3NZ6EAWHJEJL3DNN&marketplace=FLIPKART&q=macbook+pro&store=6bo%2Fb5g&srno=s_1_16&otracker=search&otracker1=search&fm=organic&iid=25857631-2381-48be-b666-9e69f87a5af7.COMFRZ3NZ6EAWHJE.SEARCH&ppt=None&ppn=None&ssid=gotbv4nbgg0000001626531372073&qH=9cf36a97583bd48f,Flipkart
15,"Dell Alienware m15(R3) 15.6-inch FHD Gaming Laptop (10th Gen Core i7-10750H/16GB/512GB SSD/Windows 10 Home & MS Office/6GB NVIDIA GTX 1660 Ti Graphics), Lunar Light","1,74,990",https://www.amazon.in/result.find/Dell-Alienware-m15-R3-15-6-inch/dp/B08BZR715W/ref=sr_1_29?dchild=1&keywords=macbook+pro&qid=1626531350&sr=8-29,Amazon.in
16,"Dell Alienware m15(R3) 15.6-inch FHD Gaming Laptop (10th Gen Core i7-10750H/16GB/512GB SSD/Windows 10 Home & MS Office/6GB NVIDIA GTX 1660 Ti Graphics), Lunar Light","1,74,990",https://www.amazon.in/result.find/Dell-Alienware-m15-R3-15-6-inch/dp/B08BZR715W/ref=sr_1_29?dchild=1&keywords=macbook+pro&qid=1626531366&sr=8-29,Amazon.in
17,APPLE MacBook Pro with Touch Bar Core i5 10th Gen - (16 GB/512 GB SSD/Mac OS Catalina) MWP72HN/A,"1,65,996",https://www.flipkart.com//apple-macbook-pro-touch-bar-core-i5-10th-gen-16-gb-512-gb-ssd-mac-os-catalina-mwp72hn-a/p/itm445aaeed8105c?pid=COMFRZ3N5HAGFZPY&lid=LSTCOMFRZ3N5HAGFZPYIXOEAC&marketplace=FLIPKART&q=macbook+pro&store=6bo%2Fb5g&srno=s_1_12&otracker=search&otracker1=search&fm=organic&iid=25857631-2381-48be-b666-9e69f87a5af7.COMFRZ3N5HAGFZPY.SEARCH&ppt=None&ppn=None&ssid=gotbv4nbgg0000001626531372073&qH=9cf36a97583bd48f,Flipkart
18,APPLE MacBook Pro with Touch Bar Core i5 10th Gen - (16 GB/512 GB SSD/Mac OS Catalina) MWP42HN/A,"1,65,996",https://www.flipkart.com//apple-macbook-pro-touch-bar-core-i5-10th-gen-16-gb-512-gb-ssd-mac-os-catalina-mwp42hn-a/p/itmf7b9c210079e0?pid=COMFRZ3NNGDFBKAV&lid=LSTCOMFRZ3NNGDFBKAVGTM88F&marketplace=FLIPKART&q=macbook+pro&store=6bo%2Fb5g&srno=s_1_14&otracker=search&otracker1=search&fm=organic&iid=25857631-2381-48be-b666-9e69f87a5af7.COMFRZ3NNGDFBKAV.SEARCH&ppt=None&ppn=None&ssid=gotbv4nbgg0000001626531372073&qH=9cf36a97583bd48f,Flipkart
19,APPLE MacBook Pro Core i5 8th Gen - (8 GB/512 GB SSD/Mac OS Mojave) MV972HN/A,"1,65,990",https://www.flipkart.com//apple-macbook-pro-core-i5-8th-gen-8-gb-512-gb-ssd-mac-os-mojave-mv972hn-a/p/itm730b687d6b0f5?pid=COMFGNHGKYJEYGG3&lid=LSTCOMFGNHGKYJEYGG3Q9AQKJ&marketplace=FLIPKART&q=macbook+pro&store=6bo%2Fb5g&srno=s_1_8&otracker=search&otracker1=search&fm=organic&iid=25857631-2381-48be-b666-9e69f87a5af7.COMFGNHGKYJEYGG3.SEARCH&ppt=None&ppn=None&ssid=gotbv4nbgg0000001626531372073&qH=9cf36a97583bd48f,Flipkart
20,APPLE MacBook Pro Core i5 8th Gen - (8 GB/512 GB SSD/Mac OS Mojave) MV9A2HN/A,"1,65,990",https://www.flipkart.com//apple-macbook-pro-core-i5-8th-gen-8-gb-512-gb-ssd-mac-os-mojave-mv9a2hn-a/p/itmab15b94377482?pid=COMFGNHGT4W7DGHJ&lid=LSTCOMFGNHGT4W7DGHJHIVNCL&marketplace=FLIPKART&q=macbook+pro&store=6bo%2Fb5g&srno=s_1_10&otracker=search&otracker1=search&fm=organic&iid=25857631-2381-48be-b666-9e69f87a5af7.COMFGNHGT4W7DGHJ.SEARCH&ppt=None&ppn=None&ssid=gotbv4nbgg0000001626531372073&qH=9cf36a97583bd48f,Flipkart
21,APPLE MacBook Pro M1 - (8 GB/512 GB SSD/Mac OS Big Sur) MYD92HN/A,"1,34,990",https://www.flipkart.com//apple-macbook-pro-m1-8-gb-512-gb-ssd-mac-os-big-sur-myd92hn-a/p/itmbe44ce71a4225?pid=COMFXEKMBJNDSE6N&lid=LSTCOMFXEKMBJNDSE6N8DCSQ2&marketplace=FLIPKART&q=macbook+pro&store=6bo%2Fb5g&srno=s_1_2&otracker=search&otracker1=search&fm=organic&iid=25857631-2381-48be-b666-9e69f87a5af7.COMFXEKMBJNDSE6N.SEARCH&ppt=None&ppn=None&ssid=gotbv4nbgg0000001626531372073&qH=9cf36a97583bd48f,Flipkart
22,APPLE MacBook Pro M1 - (8 GB/512 GB SSD/Mac OS Big Sur) MYDC2HN/A,"1,34,990",https://www.flipkart.com//apple-macbook-pro-m1-8-gb-512-gb-ssd-mac-os-big-sur-mydc2hn-a/p/itma689e673cb0f6?pid=COMFXEKMGYW79HWC&lid=LSTCOMFXEKMGYW79HWC1O1UTH&marketplace=FLIPKART&q=macbook+pro&store=6bo%2Fb5g&srno=s_1_9&otracker=search&otracker1=search&fm=organic&iid=25857631-2381-48be-b666-9e69f87a5af7.COMFXEKMGYW79HWC.SEARCH&ppt=None&ppn=None&ssid=gotbv4nbgg0000001626531372073&qH=9cf36a97583bd48f,Flipkart
23,APPLE MacBook Pro with Touch Bar Core i5 8th Gen - (8 GB/512 GB SSD/Mac OS Catalina) MXK72HN/A,"1,32,990",https://www.flipkart.com//apple-macbook-pro-touch-bar-core-i5-8th-gen-8-gb-512-gb-ssd-mac-os-catalina-mxk72hn-a/p/itm5a327ec616f9f?pid=COMFRZ3NKTHVWWWD&lid=LSTCOMFRZ3NKTHVWWWDEM4NLL&marketplace=FLIPKART&q=macbook+pro&store=6bo%2Fb5g&srno=s_1_13&otracker=search&otracker1=search&fm=organic&iid=25857631-2381-48be-b666-9e69f87a5af7.COMFRZ3NKTHVWWWD.SEARCH&ppt=None&ppn=None&ssid=gotbv4nbgg0000001626531372073&qH=9cf36a97583bd48f,Flipkart
24,"ASUS ZenBook Duo Intel Core i7-10510U 10th Gen 14"" (35.56cms) FHD Thin and Light Laptop (16GB RAM/1TB NVMe SSD/Windows 10/2GB NVIDIA GeForce MX250 Graphics/1.60 Kg), UX481FL-BM149T","1,24,990",https://www.amazon.in/result.find/ASUS-ZenBook-i7-10510U-Graphics-UX481FL-BM149T/dp/B08BPP455H/ref=sr_1_27?dchild=1&keywords=macbook+pro&qid=1626531350&sr=8-27,Amazon.in
25,"ASUS ZenBook Duo Intel Core i7-10510U 10th Gen 14"" (35.56cms) FHD Thin and Light Laptop (16GB RAM/1TB NVMe SSD/Windows 10/2GB NVIDIA GeForce MX250 Graphics/1.60 Kg), UX481FL-BM149T","1,24,990",https://www.amazon.in/result.find/ASUS-ZenBook-i7-10510U-Graphics-UX481FL-BM149T/dp/B08BPP455H/ref=sr_1_27?dchild=1&keywords=macbook+pro&qid=1626531366&sr=8-27,Amazon.in
26,"2020 Apple MacBook Air (13.3-inch/33.78 cm, 1.1GHz Quad-core 10th-Generation Intel Core i5 Processor, 8GB RAM, 512GB Storage) - Silver","1,17,483",https://www.amazon.in/result.find/Apple-Quad-core-10th-Generation-Intel-Core-i5-Processor/dp/B0864J9X4H/ref=sr_1_9?dchild=1&keywords=macbook+pro&qid=1626531344&sr=8-9,Amazon.in
27,"2020 Apple MacBook Air (13.3-inch/33.78 cm, 1.1GHz Quad-core 10th-Generation Intel Core i5 Processor, 8GB RAM, 512GB Storage) - Silver","1,17,483",https://www.amazon.in/result.find/Apple-Quad-core-10th-Generation-Intel-Core-i5-Processor/dp/B0864J9X4H/ref=sr_1_9?dchild=1&keywords=macbook+pro&qid=1626531364&sr=8-9,Amazon.in
28,"2020 Apple MacBook Pro (13.3-inch/33.78 cm, Apple M1 chip with 8‑core CPU and 8‑core GPU, 8GB RAM, 256GB SSD) - Space Grey","1,15,990",https://www.amazon.in/result.find/gp/slredirect/picassoRedirect.html/ref=pa_sp_atf_aps_sr_pg1_1?ie=UTF8&adId=A0706334KDC2VZVHJWII&url=%2FApple-MacBook-Chip-13-inch-256GB%2Fdp%2FB08N5VSQNG%2Fref%3Dsr_1_1_sspa%3Fdchild%3D1%26keywords%3Dmacbook%2Bpro%26qid%3D1626531344%26sr%3D8-1-spons%26psc%3D1&qualifier=1626531344&id=2736048547540302&widgetName=sp_atf,Amazon.in
29,"2020 Apple MacBook Pro (13.3-inch/33.78 cm, Apple M1 chip with 8‑core CPU and 8‑core GPU, 8GB RAM, 256GB SSD) - Space Grey","1,15,990",https://www.amazon.in/result.find/Apple-MacBook-Chip-13-inch-256GB/dp/B08N5VSQNG/ref=sr_1_3?dchild=1&keywords=macbook+pro&qid=1626531344&sr=8-3,Amazon.in
30,"2020 Apple MacBook Pro (13.3-inch/33.78 cm, Apple M1 chip with 8‑core CPU and 8‑core GPU, 8GB RAM, 256GB SSD) - Space Grey","1,15,990",https://www.amazon.in/result.find/gp/slredirect/picassoRedirect.html/ref=pa_sp_atf_aps_sr_pg1_1?ie=UTF8&adId=A0706334KDC2VZVHJWII&url=%2FApple-MacBook-Chip-13-inch-256GB%2Fdp%2FB08N5VSQNG%2Fref%3Dsr_1_1_sspa%3Fdchild%3D1%26keywords%3Dmacbook%2Bpro%26qid%3D1626531364%26sr%3D8-1-spons%26psc%3D1&qualifier=1626531364&id=5596448070513534&widgetName=sp_atf,Amazon.in
31,"2020 Apple MacBook Pro (13.3-inch/33.78 cm, Apple M1 chip with 8‑core CPU and 8‑core GPU, 8GB RAM, 256GB SSD) - Space Grey","1,15,990",https://www.amazon.in/result.find/Apple-MacBook-Chip-13-inch-256GB/dp/B08N5VSQNG/ref=sr_1_3?dchild=1&keywords=macbook+pro&qid=1626531364&sr=8-3,Amazon.in
32,APPLE MacBook Pro M1 - (8 GB/256 GB SSD/Mac OS Big Sur) MYD82HN/A,"1,15,990",https://www.flipkart.com//apple-macbook-pro-m1-8-gb-256-gb-ssd-mac-os-big-sur-myd82hn-a/p/itmef224bcc599dc?pid=COMFXEKMTGHAGSVX&lid=LSTCOMFXEKMTGHAGSVXPKYVTD&marketplace=FLIPKART&q=macbook+pro&store=6bo%2Fb5g&srno=s_1_1&otracker=search&otracker1=search&fm=organic&iid=25857631-2381-48be-b666-9e69f87a5af7.COMFXEKMTGHAGSVX.SEARCH&ppt=None&ppn=None&ssid=gotbv4nbgg0000001626531372073&qH=9cf36a97583bd48f,Flipkart
33,APPLE MacBook Pro M1 - (8 GB/256 GB SSD/Mac OS Big Sur) MYDA2HN/A,"1,15,990",https://www.flipkart.com//apple-macbook-pro-m1-8-gb-256-gb-ssd-mac-os-big-sur-myda2hn-a/p/itmf5d01e3a97161?pid=COMFXEKM5ZPGG523&lid=LSTCOMFXEKM5ZPGG5230RJ5IB&marketplace=FLIPKART&q=macbook+pro&store=6bo%2Fb5g&srno=s_1_7&otracker=search&otracker1=search&fm=organic&iid=25857631-2381-48be-b666-9e69f87a5af7.COMFXEKM5ZPGG523.SEARCH&ppt=None&ppn=None&ssid=gotbv4nbgg0000001626531372073&qH=9cf36a97583bd48f,Flipkart
34,APPLE MacBook Pro Core i5 8th Gen - (8 GB/256 GB SSD/Mac OS Mojave) MUHP2HN/A,"1,12,040",https://www.flipkart.com//apple-macbook-pro-core-i5-8th-gen-8-gb-256-gb-ssd-mac-os-mojave-muhp2hn-a/p/itmcf3916ce14c3a?pid=COMFGNHGNR3QJ3QP&lid=LSTCOMFGNHGNR3QJ3QPF05OQJ&marketplace=FLIPKART&q=macbook+pro&store=6bo%2Fb5g&srno=s_1_17&otracker=search&otracker1=search&fm=organic&iid=25857631-2381-48be-b666-9e69f87a5af7.COMFGNHGNR3QJ3QP.SEARCH&ppt=None&ppn=None&ssid=gotbv4nbgg0000001626531372073&qH=9cf36a97583bd48f,Flipkart
35,"2020 Apple MacBook Pro (13.3-inch/33.78 cm, 8GB RAM, 256GB SSD, 1.4GHz Quad-core 8th-Generation Intel Core i5 Processor, Two Thunderbolt 3 Ports) - Silver","1,08,602",https://www.amazon.in/result.find/gp/slredirect/picassoRedirect.html/ref=pa_sp_atf_aps_sr_pg1_1?ie=UTF8&adId=A05492772IESKXFWG21MR&url=%2FApple-MacBook-Pro-8th-Generation-Intel-Core-i5%2Fdp%2FB0883KTRP7%2Fref%3Dsr_1_2_sspa%3Fdchild%3D1%26keywords%3Dmacbook%2Bpro%26qid%3D1626531344%26sr%3D8-2-spons%26psc%3D1&qualifier=1626531344&id=2736048547540302&widgetName=sp_atf,Amazon.in
36,"2020 Apple MacBook Pro (13.3-inch/33.78 cm, 8GB RAM, 256GB SSD, 1.4GHz Quad-core 8th-Generation Intel Core i5 Processor, Two Thunderbolt 3 Ports) - Silver","1,08,602",https://www.amazon.in/result.find/gp/slredirect/picassoRedirect.html/ref=pa_sp_atf_aps_sr_pg1_1?ie=UTF8&adId=A05492772IESKXFWG21MR&url=%2FApple-MacBook-Pro-8th-Generation-Intel-Core-i5%2Fdp%2FB0883KTRP7%2Fref%3Dsr_1_2_sspa%3Fdchild%3D1%26keywords%3Dmacbook%2Bpro%26qid%3D1626531364%26sr%3D8-2-spons%26psc%3D1&qualifier=1626531364&id=5596448070513534&widgetName=sp_atf,Amazon.in
37,"LG Gram 10th Gen Intel Core i7-1065G7 17-inch IPS WQXGA (2560X1600) Thin and Light Laptop (8GB/512GB SSD/Windows 10 64-bit/Dark Silver/1.35kg), 17Z90N","1,05,990",https://www.amazon.in/result.find/LG-i7-1065G7-17-inch-2560X1600-Windows/dp/B08J3D2YHV/ref=sr_1_17?dchild=1&keywords=macbook+pro&qid=1626531344&sr=8-17,Amazon.in
38,"LG Gram 10th Gen Intel Core i7-1065G7 17-inch IPS WQXGA (2560X1600) Thin and Light Laptop (8GB/512GB SSD/Windows 10 64-bit/Dark Silver/1.35kg), 17Z90N","1,05,990",https://www.amazon.in/result.find/LG-i7-1065G7-17-inch-2560X1600-Windows/dp/B08J3D2YHV/ref=sr_1_17?dchild=1&keywords=macbook+pro&qid=1626531364&sr=8-17,Amazon.in
39,"Microsoft Surface Pro X 1876 13"" (33.02 cms) Laptop (Microsoft SQ1/8GB/128GB SSD/Windows 10 Home/Microsoft SQ1 Adreno 685 GPU Graphics), Matte Black","1,01,990",https://www.amazon.in/result.find/Microsoft-Surface-1876-13-inch-Graphics/dp/B086ZCH5HT/ref=sr_1_31?dchild=1&keywords=macbook+pro&qid=1626531350&sr=8-31,Amazon.in
40,"Microsoft Surface Pro X 1876 13"" (33.02 cms) Laptop (Microsoft SQ1/8GB/128GB SSD/Windows 10 Home/Microsoft SQ1 Adreno 685 GPU Graphics), Matte Black","1,01,990",https://www.amazon.in/result.find/Microsoft-Surface-1876-13-inch-Graphics/dp/B086ZCH5HT/ref=sr_1_31?dchild=1&keywords=macbook+pro&qid=1626531366&sr=8-31,Amazon.in
41,"2020 Apple MacBook Pro (13.3-inch/33.78 cm, 8GB RAM, 256GB SSD, 1.4GHz Quad-core 8th-Generation Intel Core i5 Processor, Two Thunderbolt 3 Ports) - Space Grey","99,990",https://www.amazon.in/result.find/Apple-MacBook-Pro-8th-Generation-Intel-Core-i5/dp/B0883JQQJQ/ref=sr_1_4?dchild=1&keywords=macbook+pro&qid=1626531344&sr=8-4,Amazon.in
42,"2020 Apple MacBook Pro (13.3-inch/33.78 cm, 8GB RAM, 256GB SSD, 1.4GHz Quad-core 8th-Generation Intel Core i5 Processor, Two Thunderbolt 3 Ports) - Space Grey","99,990",https://www.amazon.in/result.find/Apple-MacBook-Pro-8th-Generation-Intel-Core-i5/dp/B0883JQQJQ/ref=sr_1_4?dchild=1&keywords=macbook+pro&qid=1626531364&sr=8-4,Amazon.in
43,APPLE MacBook Pro with Touch Bar Core i5 8th Gen - (8 GB/256 GB SSD/Mac OS Catalina) MXK32HN/A,"99,990",https://www.flipkart.com//apple-macbook-pro-touch-bar-core-i5-8th-gen-8-gb-256-gb-ssd-mac-os-catalina-mxk32hn-a/p/itm6c8770fa3101e?pid=COMFRZ3N6CHF4GGF&lid=LSTCOMFRZ3N6CHF4GGFULMOPF&marketplace=FLIPKART&q=macbook+pro&store=6bo%2Fb5g&srno=s_1_11&otracker=search&otracker1=search&fm=organic&iid=25857631-2381-48be-b666-9e69f87a5af7.COMFRZ3N6CHF4GGF.SEARCH&ppt=None&ppn=None&ssid=gotbv4nbgg0000001626531372073&qH=9cf36a97583bd48f,Flipkart
44,"Microsoft Surface Laptop 3 AMD Ryzen 5 15-inch (38.1 cms) Touchscreen Laptop (8GB/128GB SSD/Windows 10 Home/AMD Radeon Vega 9 Graphics/Platinum/1.54Kg), V4G-00021","97,000",https://www.amazon.in/result.find/Microsoft-Touchscreen-Graphics-Platinum-V4G-00021/dp/B08692HGGZ/ref=sr_1_10?dchild=1&keywords=macbook+pro&qid=1626531344&sr=8-10,Amazon.in
45,"Microsoft Surface Laptop 3 AMD Ryzen 5 15-inch (38.1 cms) Touchscreen Laptop (8GB/128GB SSD/Windows 10 Home/AMD Radeon Vega 9 Graphics/Platinum/1.54Kg), V4G-00021","97,000",https://www.amazon.in/result.find/Microsoft-Touchscreen-Graphics-Platinum-V4G-00021/dp/B08692HGGZ/ref=sr_1_10?dchild=1&keywords=macbook+pro&qid=1626531364&sr=8-10,Amazon.in
46,"Acer Swift 5 14"" (35.56cms) Full HD IPS Display with Touchscreen Ultra Thin and Light Notebook (Intel i7 - 11th Gen/16GB RAM/1TB SSD/Win10/Intel Iris Xe Graphics/1.05 Kg/Mist Green), SF514-55TA","94,999",https://www.amazon.in/result.find/Acer-Swift-Display-Touchscreen-Notebook/dp/B08M41DHTV/ref=sr_1_12?dchild=1&keywords=macbook+pro&qid=1626531344&sr=8-12,Amazon.in
47,"Acer Swift 5 14"" (35.56cms) Full HD IPS Display with Touchscreen Ultra Thin and Light Notebook (Intel i7 - 11th Gen/16GB RAM/1TB SSD/Win10/Intel Iris Xe Graphics/1.05 Kg/Mist Green), SF514-55TA","94,999",https://www.amazon.in/result.find/Acer-Swift-Display-Touchscreen-Notebook/dp/B08M41DHTV/ref=sr_1_12?dchild=1&keywords=macbook+pro&qid=1626531364&sr=8-12,Amazon.in
48,"2020 Apple MacBook Air (13.3-inch/33.78 cm, Apple M1 chip with 8‑core CPU and 7‑core GPU, 8GB RAM, 256GB SSD) - Space Grey","92,900",https://www.amazon.in/result.find/Apple-MacBook-Chip-13-inch-256GB/dp/B08N5W4NNB/ref=sr_1_7?dchild=1&keywords=macbook+pro&qid=1626531344&sr=8-7,Amazon.in
49,"2020 Apple MacBook Air (13.3-inch/33.78 cm, Apple M1 chip with 8‑core CPU and 7‑core GPU, 8GB RAM, 256GB SSD) - Space Grey","92,900",https://www.amazon.in/result.find/Apple-MacBook-Chip-13-inch-256GB/dp/B08N5W4NNB/ref=sr_1_7?dchild=1&keywords=macbook+pro&qid=1626531364&sr=8-7,Amazon.in
50,"ASUS ZenBook Flip 13 OLED, Intel Core i5-1135G7 11th Gen, 13.3"" FHD Touch 2-in-1 Laptop (8GB/512GB SSD + 32GB Optane Memory/Windows 10/Office 2019/Iris Xᵉ Graphics/Pine Grey/1.3 kg), UX363EA-HP501TS","92,890",https://www.amazon.in/result.find/ASUS-ZenBook-i5-1135G7-Graphics-UX363EA-HP501TS/dp/B08SY2FZKY/ref=sr_1_28?dchild=1&keywords=macbook+pro&qid=1626531350&sr=8-28,Amazon.in
51,"ASUS ZenBook Flip 13 OLED, Intel Core i5-1135G7 11th Gen, 13.3"" FHD Touch 2-in-1 Laptop (8GB/512GB SSD + 32GB Optane Memory/Windows 10/Office 2019/Iris Xᵉ Graphics/Pine Grey/1.3 kg), UX363EA-HP501TS","92,890",https://www.amazon.in/result.find/ASUS-ZenBook-i5-1135G7-Graphics-UX363EA-HP501TS/dp/B08SY2FZKY/ref=sr_1_28?dchild=1&keywords=macbook+pro&qid=1626531366&sr=8-28,Amazon.in
52,"Microsoft Surface Pro 7 VDV-00015 12.3"" (31.24 cms) Touchscreen 2-in-1 Laptop (10th Gen Intel Core i5/8GB/128GB SSD/Windows 10 Home/Intel Iris Plus Graphics), Platinum","85,990",https://www.amazon.in/result.find/Microsoft-VDV-00015-Touchscreen-Graphics-Platinum/dp/B084HYTLFS/ref=sr_1_11?dchild=1&keywords=macbook+pro&qid=1626531344&sr=8-11,Amazon.in
53,"Acer Concept D CN515-51 15.6-inch 4K UHD Thin and Light Creative Notebook (Intel Core i5-8305G/16 GB RAM/1 TB SSD/Win10/4GB of Radeon RX Vega Graphics), White","85,990",https://www.amazon.in/result.find/Acer-CN515-51-15-6-inch-Creative-Notebook/dp/B083BPWXSJ/ref=sr_1_33?dchild=1&keywords=macbook+pro&qid=1626531350&sr=8-33,Amazon.in
54,"Microsoft Surface Pro 7 VDV-00015 12.3"" (31.24 cms) Touchscreen 2-in-1 Laptop (10th Gen Intel Core i5/8GB/128GB SSD/Windows 10 Home/Intel Iris Plus Graphics), Platinum","85,990",https://www.amazon.in/result.find/Microsoft-VDV-00015-Touchscreen-Graphics-Platinum/dp/B084HYTLFS/ref=sr_1_11?dchild=1&keywords=macbook+pro&qid=1626531364&sr=8-11,Amazon.in
55,"Acer Concept D CN515-51 15.6-inch 4K UHD Thin and Light Creative Notebook (Intel Core i5-8305G/16 GB RAM/1 TB SSD/Win10/4GB of Radeon RX Vega Graphics), White","85,990",https://www.amazon.in/result.find/Acer-CN515-51-15-6-inch-Creative-Notebook/dp/B083BPWXSJ/ref=sr_1_33?dchild=1&keywords=macbook+pro&qid=1626531366&sr=8-33,Amazon.in
56,"HP Pavilion (2021) Thin & Light 11th Gen Core i7 Laptop, 16 GB RAM, 1TB SSD, Iris Xe Graphics, 14"" (35.56cms) FHD Screen, Windows 10, MS Office, Backlit Keyboard (14-dv0058TU)","84,990",https://www.amazon.in/result.find/HP-Pavilion-Graphics-35-56cms-14-dv0058TU/dp/B08WB857GB/ref=sr_1_21?dchild=1&keywords=macbook+pro&qid=1626531350&sr=8-21,Amazon.in
57,"HP Pavilion (2021) Thin & Light 11th Gen Core i7 Laptop, 16 GB RAM, 1TB SSD, Iris Xe Graphics, 14"" (35.56cms) FHD Screen, Windows 10, MS Office, Backlit Keyboard (14-dv0058TU)","84,990",https://www.amazon.in/result.find/HP-Pavilion-Graphics-35-56cms-14-dv0058TU/dp/B08WB857GB/ref=sr_1_21?dchild=1&keywords=macbook+pro&qid=1626531366&sr=8-21,Amazon.in
58,"ASUS ZenBook Duo UX481FL-BM5811T Intel Core i5 10th Gen 14"" (35.56cms) FHD T&L Laptop (8GB RAM/512GB NVMe SSD/Windows 10/2GB NVIDIA GeForce MX250 Graphics/ScreenPad Plus/1.50 Kg), Celestial Blue","79,990",https://www.amazon.in/result.find/ASUS-UX481FL-BM5811T-Graphics-ScreenPad-Celestial/dp/B083BSFNYR/ref=sr_1_20?dchild=1&keywords=macbook+pro&qid=1626531350&sr=8-20,Amazon.in
59,"DELL Inspiron 7490 14-inch (35.56 cms) Laptop (10th Gen Core i5-10210U/8GB/512GB SSD/Window 10 + Microsoft Office/NVidia 2GB MX250 Graphics), Silver","79,990",https://www.amazon.in/result.find/Inspiron-7490-i5-10210U-Microsoft-Graphics/dp/B0842Z99KY/ref=sr_1_23?dchild=1&keywords=macbook+pro&qid=1626531350&sr=8-23,Amazon.in
60,"ASUS ZenBook Duo UX481FL-BM5811T Intel Core i5 10th Gen 14"" (35.56cms) FHD T&L Laptop (8GB RAM/512GB NVMe SSD/Windows 10/2GB NVIDIA GeForce MX250 Graphics/ScreenPad Plus/1.50 Kg), Celestial Blue","79,990",https://www.amazon.in/result.find/ASUS-UX481FL-BM5811T-Graphics-ScreenPad-Celestial/dp/B083BSFNYR/ref=sr_1_20?dchild=1&keywords=macbook+pro&qid=1626531366&sr=8-20,Amazon.in
61,"DELL Inspiron 7490 14-inch (35.56 cms) Laptop (10th Gen Core i5-10210U/8GB/512GB SSD/Window 10 + Microsoft Office/NVidia 2GB MX250 Graphics), Silver","79,990",https://www.amazon.in/result.find/Inspiron-7490-i5-10210U-Microsoft-Graphics/dp/B0842Z99KY/ref=sr_1_23?dchild=1&keywords=macbook+pro&qid=1626531366&sr=8-23,Amazon.in
62,"ASUS ZenBook 14 (2020) Intel Core i5-1135G7 11th Gen 14-inch (35.56 cms) FHD T&L Laptop (8GB RAM/512GB NVMe SSD/Windows 10/MS Office 2019/Intel Iris Xᵉ Graphics/Pine Grey/1.17 kg), UX425EA-BM501TS","72,990",https://www.amazon.in/result.find/ASUS-ZenBook-i5-1135G7-Graphics-UX425EA-BM501TS/dp/B08M4SQ83T/ref=sr_1_30?dchild=1&keywords=macbook+pro&qid=1626531350&sr=8-30,Amazon.in
63,"ASUS ZenBook 14 (2020) Intel Core i5-1135G7 11th Gen 14-inch (35.56 cms) FHD T&L Laptop (8GB RAM/512GB NVMe SSD/Windows 10/MS Office 2019/Intel Iris Xᵉ Graphics/Pine Grey/1.17 kg), UX425EA-BM501TS","72,990",https://www.amazon.in/result.find/ASUS-ZenBook-i5-1135G7-Graphics-UX425EA-BM501TS/dp/B08M4SQ83T/ref=sr_1_30?dchild=1&keywords=macbook+pro&qid=1626531366&sr=8-30,Amazon.in
64,"HP Pavilion 13 11th Gen Intel Core i5 13.3"" (33.78 cms) Ultra Thin FHD Laptop (16GB/512GB SSD/Win10/MS Office/Alexa Built-in/Natural Silver/1.24 Kg), 13-bb0075TU","70,086",https://www.amazon.in/result.find/HP-Pavilion-Laptop-Natural-13-bb0075TU/dp/B08V5WLM62/ref=sr_1_14?dchild=1&keywords=macbook+pro&qid=1626531344&sr=8-14,Amazon.in
65,"HP Pavilion 13 11th Gen Intel Core i5 13.3"" (33.78 cms) Ultra Thin FHD Laptop (16GB/512GB SSD/Win10/MS Office/Alexa Built-in/Natural Silver/1.24 Kg), 13-bb0075TU","70,086",https://www.amazon.in/result.find/HP-Pavilion-Laptop-Natural-13-bb0075TU/dp/B08V5WLM62/ref=sr_1_14?dchild=1&keywords=macbook+pro&qid=1626531364&sr=8-14,Amazon.in
66,"Microsoft Surface Laptop Go 10th Gen Intel Core i5-1035G1 12.4"" Touchscreen Laptop (8GB/128GB SSD/Windows 10 Home in S Mode/Intel UHD Graphics/Platinum/1.110 kg,25% Off on Microsoft 365), THH-00023","69,990",https://www.amazon.in/result.find/Microsoft-i5-1035G1-Touchscreen-Graphics-THH-00023/dp/B08SX5XVBK/ref=sr_1_19?dchild=1&keywords=macbook+pro&qid=1626531350&sr=8-19,Amazon.in
67,"Microsoft Surface Laptop Go 10th Gen Intel Core i5-1035G1 12.4"" Touchscreen Laptop (8GB/128GB SSD/Windows 10 Home in S Mode/Intel UHD Graphics/Platinum/1.110 kg,25% Off on Microsoft 365), THH-00023","69,990",https://www.amazon.in/result.find/Microsoft-i5-1035G1-Touchscreen-Graphics-THH-00023/dp/B08SX5XVBK/ref=sr_1_19?dchild=1&keywords=macbook+pro&qid=1626531366&sr=8-19,Amazon.in
68,"Dell Inspiron 7490 14-inch FHD Display Laptop (10th Gen i5-10210U/8GB/512GB SSD/Win 10 + MS Office/Integrated Graphics), Silver","69,740",https://www.amazon.in/result.find/gp/slredirect/picassoRedirect.html/ref=pa_sp_atf_next_aps_sr_pg2_1?ie=UTF8&adId=A022064216WJC34JPUMPT&url=%2FDell-Inspiron-7490-i5-10210U-Integrated%2Fdp%2FB08C5DS6ZQ%2Fref%3Dsr_1_17_sspa%3Fdchild%3D1%26keywords%3Dmacbook%2Bpro%26qid%3D1626531350%26sr%3D8-17-spons%26psc%3D1%26smid%3DA2W4R6KXCY4TRS&qualifier=1626531350&id=5987242951732840&widgetName=sp_atf_next,Amazon.in
69,"Dell Inspiron 7490 14-inch FHD Display Laptop (10th Gen i5-10210U/8GB/512GB SSD/Win 10 + MS Office/Integrated Graphics), Silver","69,740",https://www.amazon.in/result.find/gp/slredirect/picassoRedirect.html/ref=pa_sp_atf_next_aps_sr_pg2_1?ie=UTF8&adId=A022064216WJC34JPUMPT&url=%2FDell-Inspiron-7490-i5-10210U-Integrated%2Fdp%2FB08C5DS6ZQ%2Fref%3Dsr_1_17_sspa%3Fdchild%3D1%26keywords%3Dmacbook%2Bpro%26qid%3D1626531366%26sr%3D8-17-spons%26psc%3D1%26smid%3DA2W4R6KXCY4TRS&qualifier=1626531366&id=5495831703684376&widgetName=sp_atf_next,Amazon.in
70,"Acer Swift 5 14"" (35.56 cms) Full HD IPS Display with Touchscreen Ultra Thin and Light Notebook (Intel i5 - 11th Gen/8GB RAM/512GB SSD/Win10/Intel Iris Xe Graphics/1.05 Kg/Mist Green), SF514-55TA","68,999",https://www.amazon.in/result.find/Acer-Swift-Display-Touchscreen-Notebook/dp/B08P6GCH7Y/ref=sr_1_22?dchild=1&keywords=macbook+pro&qid=1626531350&sr=8-22,Amazon.in
71,"Acer Swift 5 14"" (35.56 cms) Full HD IPS Display with Touchscreen Ultra Thin and Light Notebook (Intel i5 - 11th Gen/8GB RAM/512GB SSD/Win10/Intel Iris Xe Graphics/1.05 Kg/Mist Green), SF514-55TA","68,999",https://www.amazon.in/result.find/Acer-Swift-Display-Touchscreen-Notebook/dp/B08P6GCH7Y/ref=sr_1_22?dchild=1&keywords=macbook+pro&qid=1626531366&sr=8-22,Amazon.in
72,"MSI Modern 15, Intel 10th Gen. i5-10210U, 15.6"" (39.62cms) FHD Laptop (8GB/512GB NVMe SSD/Windows 10 Home/Carbon Grey/1.6Kg), A10M-482IN","63,237",https://www.amazon.in/result.find/gp/slredirect/picassoRedirect.html/ref=pa_sp_atf_next_aps_sr_pg2_1?ie=UTF8&adId=A09600781QECXGBZUC790&url=%2FMSI-i5-10210U-39-62cms-Windows-A10M-482IN%2Fdp%2FB08NTVZMWD%2Fref%3Dsr_1_18_sspa%3Fdchild%3D1%26keywords%3Dmacbook%2Bpro%26qid%3D1626531350%26sr%3D8-18-spons%26psc%3D1&qualifier=1626531350&id=5987242951732840&widgetName=sp_atf_next,Amazon.in
73,"MSI Modern 15, Intel 10th Gen. i5-10210U, 15.6"" (39.62cms) FHD Laptop (8GB/512GB NVMe SSD/Windows 10 Home/Carbon Grey/1.6Kg), A10M-482IN","63,237",https://www.amazon.in/result.find/gp/slredirect/picassoRedirect.html/ref=pa_sp_atf_next_aps_sr_pg2_1?ie=UTF8&adId=A09600781QECXGBZUC790&url=%2FMSI-i5-10210U-39-62cms-Windows-A10M-482IN%2Fdp%2FB08NTVZMWD%2Fref%3Dsr_1_18_sspa%3Fdchild%3D1%26keywords%3Dmacbook%2Bpro%26qid%3D1626531366%26sr%3D8-18-spons%26psc%3D1&qualifier=1626531366&id=5495831703684376&widgetName=sp_atf_next,Amazon.in
74,"HP 15 (2021) Thin & Light 11th Gen Core i5 Laptop, 8 GB RAM, 512GB SSD, 15.6-inch (39.62 cms) FHD Screen, Windows 10, MS Office, Built-in Alexa (15s-fq2535TU)","58,490",https://www.amazon.in/result.find/HP-Laptop-15-6-inch-Windows-15s-fq2535TU/dp/B08XNYN5QV/ref=sr_1_16?dchild=1&keywords=macbook+pro&qid=1626531344&sr=8-16,Amazon.in
75,"HP 15 (2021) Thin & Light 11th Gen Core i5 Laptop, 8 GB RAM, 512GB SSD, 15.6-inch (39.62 cms) FHD Screen, Windows 10, MS Office, Built-in Alexa (15s-fq2535TU)","58,490",https://www.amazon.in/result.find/HP-Laptop-15-6-inch-Windows-15s-fq2535TU/dp/B08XNYN5QV/ref=sr_1_16?dchild=1&keywords=macbook+pro&qid=1626531364&sr=8-16,Amazon.in
76,"Microsoft Surface GO 2 STQ-00013 10.1"" (26.54 cms) Laptop (Gold Processor 4425Y/8GB/128GB SSD/Windows 10 Home in S Mode/Intel UHD 615 Graphics), Platinum","57,999",https://www.amazon.in/result.find/Microsoft-STQ-00013-10-1-inch-Processor-Graphics/dp/B08DHHB2W1/ref=sr_1_15?dchild=1&keywords=macbook+pro&qid=1626531344&sr=8-15,Amazon.in
77,"Microsoft Surface GO 2 STQ-00013 10.1"" (26.54 cms) Laptop (Gold Processor 4425Y/8GB/128GB SSD/Windows 10 Home in S Mode/Intel UHD 615 Graphics), Platinum","57,999",https://www.amazon.in/result.find/Microsoft-STQ-00013-10-1-inch-Processor-Graphics/dp/B08DHHB2W1/ref=sr_1_15?dchild=1&keywords=macbook+pro&qid=1626531364&sr=8-15,Amazon.in
78,"Microsoft Surface Go MHN-00015 10 inch Touchscreen 2-in-1 Laptop (Intel Pentium Gold Processor/8GB/128GB SSD/Windows 10 Home in S Mode/Intel HD Graphics 615), Platinum","48,499",https://www.amazon.in/result.find/Microsoft-MCZ-00015-Integrated-Graphics-Platinum/dp/B07RBQXYH8/ref=sr_1_24?dchild=1&keywords=macbook+pro&qid=1626531350&sr=8-24,Amazon.in
79,"Microsoft Surface Go MHN-00015 10 inch Touchscreen 2-in-1 Laptop (Intel Pentium Gold Processor/8GB/128GB SSD/Windows 10 Home in S Mode/Intel HD Graphics 615), Platinum","48,499",https://www.amazon.in/result.find/Microsoft-MCZ-00015-Integrated-Graphics-Platinum/dp/B07RBQXYH8/ref=sr_1_24?dchild=1&keywords=macbook+pro&qid=1626531366&sr=8-24,Amazon.in
80,"HP 15 (2021) Thin & Light Ryzen 3-3250 Laptop, 8 GB RAM, 1TB HDD, 39.62 cms (15.6"") FHD Screen, Windows 10, MS Office (15s-gr0011AU)","38,490",https://www.amazon.in/result.find/HP-3-3250-Laptop-Windows-15s-gr0011AU/dp/B08T6SJ215/ref=sr_1_26?dchild=1&keywords=macbook+pro&qid=1626531350&sr=8-26,Amazon.in
81,"HP 15 (2021) Thin & Light Ryzen 3-3250 Laptop, 8 GB RAM, 1TB HDD, 39.62 cms (15.6"") FHD Screen, Windows 10, MS Office (15s-gr0011AU)","38,490",https://www.amazon.in/result.find/HP-3-3250-Laptop-Windows-15s-gr0011AU/dp/B08T6SJ215/ref=sr_1_26?dchild=1&keywords=macbook+pro&qid=1626531366&sr=8-26,Amazon.in
82,"HP Chromebook x360 Intel Celeron N4020 Processor 12-inch (30.48 cms) Touchscreen Laptop (4GB/64GB eMMC Storage/Chrome OS/Natural Silver), 12b-ca0010TU","29,840",https://www.amazon.in/result.find/HP-Chromebook-12b-ca0010TU-Touchscreen-Integrated/dp/B08C5WSTR6/ref=sr_1_18?dchild=1&keywords=macbook+pro&qid=1626531344&sr=8-18,Amazon.in
83,"HP Chromebook x360 Intel Celeron N4020 Processor 12-inch (30.48 cms) Touchscreen Laptop (4GB/64GB eMMC Storage/Chrome OS/Natural Silver), 12b-ca0010TU","29,840",https://www.amazon.in/result.find/HP-Chromebook-12b-ca0010TU-Touchscreen-Integrated/dp/B08C5WSTR6/ref=sr_1_18?dchild=1&keywords=macbook+pro&qid=1626531364&sr=8-18,Amazon.in
84,"HP Chromebook 14a-na0003TU 14-inch (35.56 cms) Thin & Light Touchscreen Laptop (Intel N4020/4GB/64GB SSD + 256GB Expandable/Chrome OS/1.46 kgs Light), Mineral Silver","27,731",https://www.amazon.in/result.find/HP-Chromebook-14a-na0003TU-Touchscreen-Expandable/dp/B08C5W6PL2/ref=sr_1_34?dchild=1&keywords=macbook+pro&qid=1626531350&sr=8-34,Amazon.in
85,"HP Chromebook 14a-na0003TU 14-inch (35.56 cms) Thin & Light Touchscreen Laptop (Intel N4020/4GB/64GB SSD + 256GB Expandable/Chrome OS/1.46 kgs Light), Mineral Silver","27,731",https://www.amazon.in/result.find/HP-Chromebook-14a-na0003TU-Touchscreen-Expandable/dp/B08C5W6PL2/ref=sr_1_34?dchild=1&keywords=macbook+pro&qid=1626531366&sr=8-34,Amazon.in
86,"RDP ThinBook 1010 - Intel Celeron Quad Core Processor, 4GB RAM, 64GB Storage, Windows 10 Pro, 14.1” HD Screen","19,621",https://www.amazon.in/result.find/RDP-ThinBook-1010-Celeron-Processor/dp/B0924PSV78/ref=sr_1_13?dchild=1&keywords=macbook+pro&qid=1626531344&sr=8-13,Amazon.in
87,"RDP ThinBook 1010 - Intel Celeron Quad Core Processor, 4GB RAM, 64GB Storage, Windows 10 Pro, 14.1” HD Screen","19,621",https://www.amazon.in/result.find/RDP-ThinBook-1010-Celeron-Processor/dp/B0924PSV78/ref=sr_1_13?dchild=1&keywords=macbook+pro&qid=1626531364&sr=8-13,Amazon.in
88,"Dell Inspiron 5406 11th Gen 14"" (35.56cms) FHD 2in1 Laptop(i5-1135G7 / 8GB / 512 SSD / Iris Xe Graphics /Win 10/ MS Office 19/ Active Pen/Titan Grey),D560367WIN9S",0,https://www.amazon.in/result.find/Dell-Inspiron-i5-1135G7-Graphics-D560367WIN9S/dp/B08M61GDYJ/ref=sr_1_25?dchild=1&keywords=macbook+pro&qid=1626531350&sr=8-25,Amazon.in
89,"Dell Inspiron 5406 11th Gen 14"" (35.56cms) FHD 2in1 Laptop(i5-1135G7 / 8GB / 512 SSD / Iris Xe Graphics /Win 10/ MS Office 19/ Active Pen/Titan Grey),D560367WIN9S",0,https://www.amazon.in/result.find/Dell-Inspiron-i5-1135G7-Graphics-D560367WIN9S/dp/B08M61GDYJ/ref=sr_1_25?dchild=1&keywords=macbook+pro&qid=1626531366&sr=8-25,Amazon.in
